GEOID,neighborhood
25025000100,Brighton
25025000201,Brighton
25025000202,Brighton
25025000301,Brighton
25025000302,Brighton
25025000401,Brighton
25025000402,Brighton
25025000502,Brighton
25025000503,Brighton
25025000504,Brighton
25025000601,Brighton
25025000602,Allston
25025000701,Brighton
25025000703,Allston
25025000704,Allston
25025000802,Allston
25025000803,Allston
25025010103,Fenway
25025010104,Fenway
25025010203,Fenway
25025010204,Fenway
25025010300,Longwood
25025010403,Fenway
25025010404,Fenway
25025010405,Fenway
25025010408,Fenway
25025010500,Back Bay
25025010600,Back Bay
25025010701,Back Bay
25025010702,Back Bay
25025010801,Back Bay
25025010802,Back Bay
25025020101,Beacon Hill
25025020200,Beacon Hill
25025020301,West End
25025020302,Beacon Hill
25025020303,West End
25025030100,North End
25025030200,North End
25025030300,Downtown
25025030400,North End
25025030500,North End
25025040100,Charlestown
25025040200,Charlestown
25025040300,Charlestown
25025040401,Charlestown
25025040600,Charlestown
25025040801,Charlestown
25025050101,East Boston
25025050200,East Boston
25025050300,East Boston
25025050400,East Boston
25025050500,East Boston
25025050600,East Boston
25025050700,East Boston
25025050901,East Boston
25025051000,East Boston
25025051101,East Boston
25025051200,East Boston
25025060101,South Boston
25025060200,South Boston
25025060301,South Boston
25025060400,South Boston
25025060501,South Boston
25025060600,South Boston
25025060700,South Boston
25025060800,South Boston
25025061000,South Boston
25025061101,South Boston
25025061200,South Boston
25025070101,Downtown
25025070200,Chinatown
25025070300,South End
25025070402,South End
25025070500,South End
25025070600,South End
25025070700,South End
25025070800,South End
25025070900,South End
25025071101,South End
25025071201,South End
25025080100,Roxbury
25025080300,Roxbury
25025080401,Roxbury
25025080500,Roxbury
25025080601,Roxbury
25025080801,Mission Hill
25025080900,Mission Hill
25025081001,Mission Hill
25025081100,Mission Hill
25025081200,Jamaica Plain
25025081300,Roxbury
25025081400,Roxbury
25025081500,Roxbury
25025081700,Roxbury
25025081800,Roxbury
25025081900,Roxbury
25025082000,Roxbury
25025082100,Roxbury
25025090100,Dorchester
25025090200,Dorchester
25025090300,Dorchester
25025090400,Roxbury
25025090600,Roxbury
25025090700,Dorchester
25025090901,Dorchester
25025091001,Dorchester
25025091100,Dorchester
25025091200,Dorchester
25025091300,Dorchester
25025091400,Dorchester
25025091500,Dorchester
25025091600,Dorchester
25025091700,Dorchester
25025091800,Dorchester
25025091900,Dorchester
25025092000,Dorchester
25025092101,Dorchester
25025092200,Dorchester
25025092300,Dorchester
25025092400,Dorchester
25025100100,Dorchester
25025100200,Dorchester
25025100300,Dorchester
25025100400,Dorchester
25025100500,Dorchester
25025100601,Dorchester
25025100603,Dorchester
25025100700,Dorchester
25025100800,Dorchester
25025100900,Mattapan
25025101001,Mattapan
25025101002,Mattapan
25025101101,Mattapan
25025101102,Mattapan
25025110103,Jamaica Plain
25025110201,Roslindale
25025110301,Roslindale
25025110401,Roslindale
25025110403,Roslindale
25025110501,Roslindale
25025110502,Roslindale
25025110601,West Roxbury
25025110607,Roslindale
25025120103,Jamaica Plain
25025120104,Jamaica Plain
25025120105,Jamaica Plain
25025120201,Jamaica Plain
25025120301,Jamaica Plain
25025120400,Jamaica Plain
25025120500,Jamaica Plain
25025120600,Jamaica Plain
25025120700,Jamaica Plain
25025130100,West Roxbury
25025130200,West Roxbury
25025130300,West Roxbury
25025130402,West Roxbury
25025130404,West Roxbury
25025130406,West Roxbury
25025140102,Hyde Park
25025140105,Hyde Park
25025140106,Roslindale
25025140107,Hyde Park
25025140201,Hyde Park
25025140202,Hyde Park
25025140300,Hyde Park
25025140400,Hyde Park
